old_ex_id,old_pack,step4_real_report_line,archive_source,archive_sha256,archive_line,old_br_refs,old_tc_refs,old_ac_refs,current_disposition,semantic_class,semantic_target_old_ac,semantic_target_new_ac,semantic_basis,decision_authority,required_action,step7_active_br_report_lines,new_ex_ids,new_ex_paths,new_contract_rule_refs,source_resolution,reviewer_evidence
EX-0001-0001,spec-0001,869,.qfai/evidence/migration-spec-to-story/retired/spec-0001/05_Examples.md,f2b0c3b17ed6f88c0443f9f8e86c20c050e4f3ceeba7d460fcd8ce6fb7812036,12,BR-0001-0001,TC-0001-0001,AC-0001-0001,retired_or_superseded,,,,,retired-rule-disposition.md#BR-0001-0001,Match approved retirement and archive; do not migrate old EX,,,,,retired_approved_archive_verified;source_pending_removal,archive SHA256 and source line match; approved rule disposition or DEC-0266 verified
EX-0001-0002,spec-0001,870,.qfai/evidence/migration-spec-to-story/retired/spec-0001/05_Examples.md,f2b0c3b17ed6f88c0443f9f8e86c20c050e4f3ceeba7d460fcd8ce6fb7812036,13,BR-0001-0002,TC-0001-0002,AC-0001-0002,retired_or_superseded,,,,,retired-rule-disposition.md#BR-0001-0002,Match approved retirement and archive; do not migrate old EX,,,,,retired_approved_archive_verified;source_pending_removal,archive SHA256 and source line match; approved rule disposition or DEC-0266 verified
EX-0001-0003,spec-0001,871,.qfai/evidence/migration-spec-to-story/retired/spec-0001/05_Examples.md,f2b0c3b17ed6f88c0443f9f8e86c20c050e4f3ceeba7d460fcd8ce6fb7812036,14,BR-0001-0003,TC-0001-0024,AC-0001-0001,retired_or_superseded,,,,,retired-rule-disposition.md#BR-0001-0003,Match approved retirement and archive; do not migrate old EX,,,,,retired_approved_archive_verified;source_pending_removal,archive SHA256 and source line match; approved rule disposition or DEC-0266 verified
EX-0001-0004,spec-0001,872,.qfai/evidence/migration-spec-to-story/retired/spec-0001/05_Examples.md,f2b0c3b17ed6f88c0443f9f8e86c20c050e4f3ceeba7d460fcd8ce6fb7812036,15,BR-0001-0004,TC-0001-0003,AC-0001-0003,retired_or_superseded,,,,,retired-rule-disposition.md#BR-0001-0004,Match approved retirement and archive; do not migrate old EX,,,,,retired_approved_archive_verified;source_pending_removal,archive SHA256 and source line match; approved rule disposition or DEC-0266 verified
EX-0001-0005,spec-0001,873,.qfai/evidence/migration-spec-to-story/retired/spec-0001/05_Examples.md,f2b0c3b17ed6f88c0443f9f8e86c20c050e4f3ceeba7d460fcd8ce6fb7812036,16,BR-0001-0005,TC-0001-0004,AC-0001-0003,retired_or_superseded,,,,,retired-rule-disposition.md#BR-0001-0005,Match approved retirement and archive; do not migrate old EX,,,,,retired_approved_archive_verified;source_pending_removal,archive SHA256 and source line match; approved rule disposition or DEC-0266 verified
EX-0001-0006,spec-0001,874,.qfai/evidence/migration-spec-to-story/retired/spec-0001/05_Examples.md,f2b0c3b17ed6f88c0443f9f8e86c20c050e4f3ceeba7d460fcd8ce6fb7812036,17,BR-0001-0006,TC-0001-0005,AC-0001-0004,retired_or_superseded,,,,,retired-rule-disposition.md#BR-0001-0006,Match approved retirement and archive; do not migrate old EX,,,,,retired_approved_archive_verified;source_pending_removal,archive SHA256 and source line match; approved rule disposition or DEC-0266 verified
EX-0001-0008,spec-0001,875,.qfai/evidence/migration-spec-to-story/retired/spec-0001/05_Examples.md,f2b0c3b17ed6f88c0443f9f8e86c20c050e4f3ceeba7d460fcd8ce6fb7812036,19,BR-0001-0010,TC-0001-0007,AC-0001-0006,retired_or_superseded,,,,,retired-rule-disposition.md#BR-0001-0010,Match approved retirement and archive; do not migrate old EX,,,,,retired_approved_archive_verified;source_pending_removal,archive SHA256 and source line match; approved rule disposition or DEC-0266 verified
EX-0001-0009,spec-0001,876,.qfai/evidence/migration-spec-to-story/retired/spec-0001/05_Examples.md,f2b0c3b17ed6f88c0443f9f8e86c20c050e4f3ceeba7d460fcd8ce6fb7812036,20,BR-0001-0011,TC-0001-0008,AC-0001-0006,retired_or_superseded,,,,,retired-rule-disposition.md#BR-0001-0011,Match approved retirement and archive; do not migrate old EX,,,,,retired_approved_archive_verified;source_pending_removal,archive SHA256 and source line match; approved rule disposition or DEC-0266 verified
EX-0001-0010,spec-0001,877,.qfai/evidence/migration-spec-to-story/retired/spec-0001/05_Examples.md,f2b0c3b17ed6f88c0443f9f8e86c20c050e4f3ceeba7d460fcd8ce6fb7812036,21,BR-0001-0012,TC-0001-0009,AC-0001-0006,retired_or_superseded,,,,,retired-rule-disposition.md#BR-0001-0012,Match approved retirement and archive; do not migrate old EX,,,,,retired_approved_archive_verified;source_pending_removal,archive SHA256 and source line match; approved rule disposition or DEC-0266 verified
EX-0001-0011,spec-0001,878,.qfai/evidence/migration-spec-to-story/retired/spec-0001/05_Examples.md,f2b0c3b17ed6f88c0443f9f8e86c20c050e4f3ceeba7d460fcd8ce6fb7812036,22,BR-0001-0014,TC-0001-0010,AC-0001-0007,retired_or_superseded,,,,,retired-rule-disposition.md#BR-0001-0014,Match approved retirement and archive; do not migrate old EX,,,,,retired_approved_archive_verified;source_pending_removal,archive SHA256 and source line match; approved rule disposition or DEC-0266 verified
EX-0001-0012,spec-0001,879,.qfai/evidence/migration-spec-to-story/retired/spec-0001/05_Examples.md,f2b0c3b17ed6f88c0443f9f8e86c20c050e4f3ceeba7d460fcd8ce6fb7812036,23,BR-0001-0016,TC-0001-0012,AC-0001-0008,retired_or_superseded,,,,,retired-rule-disposition.md#BR-0001-0016,Match approved retirement and archive; do not migrate old EX,,,,,retired_approved_archive_verified;source_pending_removal,archive SHA256 and source line match; approved rule disposition or DEC-0266 verified
EX-0001-0016,spec-0001,880,.qfai/evidence/migration-spec-to-story/retired/spec-0001/05_Examples.md,f2b0c3b17ed6f88c0443f9f8e86c20c050e4f3ceeba7d460fcd8ce6fb7812036,27,BR-0001-0020,TC-0001-0016,AC-0001-0010,retired_or_superseded,,,,,retired-rule-disposition.md#BR-0001-0020,Match approved retirement and archive; do not migrate old EX,,,,,retired_approved_archive_verified;source_pending_removal,archive SHA256 and source line match; approved rule disposition or DEC-0266 verified
EX-0001-0018,spec-0001,881,.qfai/evidence/migration-spec-to-story/retired/spec-0001/05_Examples.md,f2b0c3b17ed6f88c0443f9f8e86c20c050e4f3ceeba7d460fcd8ce6fb7812036,29,BR-0001-0022,TC-0001-0018,AC-0001-0010,retired_or_superseded,,,,,retired-rule-disposition.md#BR-0001-0022,Match approved retirement and archive; do not migrate old EX,,,,,retired_approved_archive_verified;source_pending_removal,archive SHA256 and source line match; approved rule disposition or DEC-0266 verified
EX-0001-0023,spec-0001,882,.qfai/evidence/migration-spec-to-story/retired/spec-0001/05_Examples.md,f2b0c3b17ed6f88c0443f9f8e86c20c050e4f3ceeba7d460fcd8ce6fb7812036,34,BR-0001-0013,TC-0001-0023,AC-0001-0006,retired_or_superseded,,,,,retired-rule-disposition.md#BR-0001-0013,Match approved retirement and archive; do not migrate old EX,,,,,retired_approved_archive_verified;source_pending_removal,archive SHA256 and source line match; approved rule disposition or DEC-0266 verified
EX-0001-0024,spec-0001,883,.qfai/evidence/migration-spec-to-story/retired/spec-0001/05_Examples.md,f2b0c3b17ed6f88c0443f9f8e86c20c050e4f3ceeba7d460fcd8ce6fb7812036,35,BR-0001-0015,TC-0001-0011,AC-0001-0007,retired_or_superseded,,,,,retired-rule-disposition.md#BR-0001-0015,Match approved retirement and archive; do not migrate old EX,,,,,retired_approved_archive_verified;source_pending_removal,archive SHA256 and source line match; approved rule disposition or DEC-0266 verified
EX-0003-0007,spec-0003,899,.qfai/evidence/migration-spec-to-story/retired/spec-0003/05_Examples.md,17667ed5be37bb795379343d5078e91a802fd490c555ebc71ff9cc7dce56840d,18,BR-0003-0011,"TC-0003-0007,TC-0003-0008","AC-0003-0007,AC-0003-0008",active_split_or_sdd_decision,single,AC-0003-0008,AC-0001-0027-01,Wrapper removal only; AC-0003-0007 concerns 10_workflow.md.,plan.yaml#BR-0003-0011,SDD place one EX under reviewed AC; normalize story-tree wording,BR-0003-0011:93,EX-0001-0027-01,.qfai/spec/02_business-flow/business-flow-0001/user-story-0001-0027/03_Example.md,.qfai/spec/03_contract/cli/qfai-init.md#BR-0051,source_removed_verified,archive SHA256 and line match; new EX/AC and new contract BR rows verified; old EX source absent
EX-0003-0020,spec-0003,900,.qfai/evidence/migration-spec-to-story/retired/spec-0003/05_Examples.md,17667ed5be37bb795379343d5078e91a802fd490c555ebc71ff9cc7dce56840d,29,BR-0003-0017,TC-0003-0023,"AC-0003-0019,AC-0003-0020",active_single_br_tc_target,single,AC-0003-0019,AC-0001-0035-01,Already-upgraded init is the upgrade flag idempotence branch.,plan.yaml#BR-0003-0017,SDD place one EX under reviewed AC; normalize story-tree wording,BR-0003-0017:94,EX-0001-0035-03,.qfai/spec/02_business-flow/business-flow-0001/user-story-0001-0035/03_Example.md,.qfai/spec/03_contract/cli/qfai-init.md#BR-0057,source_removed_verified,archive SHA256 and line match; new EX/AC and new contract BR rows verified; old EX source absent
EX-0003-0021,spec-0003,901,.qfai/evidence/migration-spec-to-story/retired/spec-0003/05_Examples.md,17667ed5be37bb795379343d5078e91a802fd490c555ebc71ff9cc7dce56840d,30,BR-0003-0018,TC-0003-0024,AC-0003-0021,retired_or_superseded,,,,,retired-rule-disposition.md#BR-0003-0018,Match approved retirement and archive; do not migrate old EX,,,,,retired_approved_archive_verified;source_pending_removal,archive SHA256 and source line match; approved rule disposition or DEC-0266 verified
EX-0003-0023,spec-0003,902,.qfai/evidence/migration-spec-to-story/retired/spec-0003/05_Examples.md,17667ed5be37bb795379343d5078e91a802fd490c555ebc71ff9cc7dce56840d,32,BR-0003-0020,TC-0003-0026,"AC-0003-0023,AC-0003-0024",active_split_or_sdd_decision,rewrite_current,,,Old v1.9 warning/sunset narrative conflicts with active AC-0003-0023/0024: v1.10+ error and migration command. Replace coverage separately.,plan.yaml#BR-0003-0020,SDD rewrite the old warning example to the approved post-sunset error; retain active coverage and old provenance,BR-0003-0020:96,EX-0001-0037-01;EX-0001-0037-02,.qfai/spec/02_business-flow/business-flow-0001/user-story-0001-0037/03_Example.md,.qfai/spec/03_contract/cli/qfai-init.md#BR-0059,source_removed_verified,archive SHA256 and line match; new EX/AC and new contract BR rows verified; old EX source absent
EX-0003-0028,spec-0003,903,.qfai/evidence/migration-spec-to-story/retired/spec-0003/05_Examples.md,17667ed5be37bb795379343d5078e91a802fd490c555ebc71ff9cc7dce56840d,37,BR-0003-0025,TC-0003-0031,"AC-0003-0027,AC-0003-0028",active_split_or_sdd_decision,single,AC-0003-0027,AC-0002-0002-01,Readable step name and no version comment are both in AC-0003-0027; AC-0003-0028 instead tests the leakage guard mutation.,plan.yaml#BR-0003-0025,SDD place one EX under reviewed AC; normalize story-tree wording,BR-0003-0025:97,EX-0002-0002-04,.qfai/spec/02_business-flow/business-flow-0002/user-story-0002-0002/03_Example.md,.qfai/spec/03_contract/cli/shipped-workflows.md#BR-0064,source_removed_verified,archive SHA256 and line match; new EX/AC and new contract BR rows verified; old EX source absent
EX-0004-0004,spec-0004,905,.qfai/evidence/migration-spec-to-story/retired/spec-0004/05_Examples.md,a42660205c57f4e3eba31683ea6176abffbd61281b172deed5097b271f38b4d7,23,"BR-0004-0001,BR-0004-0002","TC-0004-0001,TC-0004-0002","AC-0004-0001,AC-0004-0002",active_split_or_sdd_decision,single,AC-0004-0001,AC-0001-0039-01,Deterministic validate aggregation is AC-0004-0001; no separate UIX-specific assertion is made.,plan.yaml#BR-0004-0001; plan.yaml#BR-0004-0002,SDD place one EX under reviewed AC; normalize story-tree wording,BR-0004-0001:98;BR-0004-0002:99,EX-0001-0039-01,.qfai/spec/02_business-flow/business-flow-0001/user-story-0001-0039/03_Example.md,.qfai/spec/03_contract/cli/qfai-validate.md#BR-0099;.qfai/spec/03_contract/cli/qfai-validate.md#BR-0100,source_removed_verified,archive SHA256 and line match; new EX/AC and new contract BR rows verified; old EX source absent
EX-0004-0037,spec-0004,906,.qfai/evidence/migration-spec-to-story/retired/spec-0004/05_Examples.md,a42660205c57f4e3eba31683ea6176abffbd61281b172deed5097b271f38b4d7,245,BR-0004-0029,"TC-0004-0065,TC-0004-0066","AC-0004-0031,AC-0004-0032",active_split_or_sdd_decision,trim_and_place,AC-0004-0032,AC-0001-0049-02,Keep only the sunset legacy-output error clause under AC-0004-0032. The certify read of latest validate.json conflicts with the profile-suffixed read contract.,plan.yaml#BR-0004-0029,"SDD remove obsolete clause, then place retained outcome under reviewed AC",BR-0004-0029:100,EX-0001-0049-03;EX-0001-0049-04,.qfai/spec/02_business-flow/business-flow-0001/user-story-0001-0049/03_Example.md,.qfai/spec/03_contract/cli/qfai-prototyping.md#BR-0127,source_removed_verified,archive SHA256 and line match; new EX/AC and new contract BR rows verified; old EX source absent
EX-0008-0001,spec-0008,908,.qfai/evidence/migration-spec-to-story/retired/spec-0008/05_Examples.md,2344a8c2043f3566baac59f15a7d7d65a44c9ecbc43a7b96de2f9314b3189c7c,3,BR-0008-0003,"TC-0008-0001,TC-0008-0007","AC-0008-0001,AC-0008-0007",active_split_or_sdd_decision,single,AC-0008-0001,AC-0001-0069-01,Volume estimate table only; evidence-file completeness is not exercised.,plan.yaml#BR-0008-0003,SDD place one EX under reviewed AC; normalize story-tree wording,BR-0008-0003:101,EX-0001-0069-03,.qfai/spec/02_business-flow/business-flow-0001/user-story-0001-0069/03_Example.md,.qfai/spec/03_contract/cli/delivery-workflow.md#BR-0212,source_removed_verified,archive SHA256 and line match; new EX/AC and new contract BR rows verified; old EX source absent
EX-0008-0002,spec-0008,909,.qfai/evidence/migration-spec-to-story/retired/spec-0008/05_Examples.md,2344a8c2043f3566baac59f15a7d7d65a44c9ecbc43a7b96de2f9314b3189c7c,11,BR-0008-0001,"TC-0008-0002,TC-0008-0004","AC-0008-0002,AC-0008-0004",active_split_or_sdd_decision,single,AC-0008-0002,AC-0001-0070-01,BF E2E annotation presence on the story tree; AC-0008-0004 concerns AC integration/API coverage.,plan.yaml#BR-0008-0001,SDD place one EX under reviewed AC; normalize story-tree wording,,EX-0001-0070-01,.qfai/spec/02_business-flow/business-flow-0001/user-story-0001-0070/03_Example.md,.qfai/spec/03_contract/cli/qfai-validate.md#BR-0210,source_removed_verified,archive SHA256 and line match; new EX/AC and new contract BR rows verified; old EX source absent
EX-0008-0005,spec-0008,910,.qfai/evidence/migration-spec-to-story/retired/spec-0008/05_Examples.md,2344a8c2043f3566baac59f15a7d7d65a44c9ecbc43a7b96de2f9314b3189c7c,33,BR-0008-0004,"TC-0008-0006,TC-0008-0008","AC-0008-0006,AC-0008-0008",active_split_or_sdd_decision,new_ac_needed,,,Reviewer REVISE when a BF lacks E2E has no precise active AC: AC-0008-0002 states coverage obligation and AC-0008-0008 states reviewer independence only.,plan.yaml#BR-0008-0004,"SDD add or amend live AC, then author EX and test",BR-0008-0004:102,EX-0001-0073-03,.qfai/spec/02_business-flow/business-flow-0001/user-story-0001-0073/03_Example.md,.qfai/spec/03_contract/cli/delivery-workflow.md#BR-0213,source_removed_verified,archive SHA256 and line match; new EX/AC and new contract BR rows verified; old EX source absent
EX-0008-0017,spec-0008,911,.qfai/evidence/migration-spec-to-story/retired/spec-0008/05_Examples.md,2344a8c2043f3566baac59f15a7d7d65a44c9ecbc43a7b96de2f9314b3189c7c,127,BR-0008-0005,TC-0008-0022,"AC-0008-0002,AC-0008-0004",active_split_or_sdd_decision,new_ac_needed,,,Undefined BF/AC/EX annotation validation is not specified by AC-0008-0002 or AC-0008-0004; do not attach by topic alone.,plan.yaml#BR-0008-0005,"SDD add or amend live AC, then author EX and test",,EX-0001-0073-04,.qfai/spec/02_business-flow/business-flow-0001/user-story-0001-0073/03_Example.md,.qfai/spec/03_contract/cli/qfai-validate.md#BR-0214,source_removed_verified,archive SHA256 and line match; new EX/AC and new contract BR rows verified; old EX source absent
EX-0009-0001,spec-0009,912,.qfai/evidence/migration-spec-to-story/retired/spec-0009/05_Examples.md,5de2a1dd693c91ad0e0a2f352039f60a4eb93c17ab9154f6d8a8d10d529f548c,3,"BR-0009-0001,BR-0009-0002","TC-0009-0001,TC-0009-0002,TC-0009-0005,TC-0009-0008","AC-0009-0001,AC-0009-0002,AC-0009-0005,AC-0009-0007",active_reviewed_semantic_target,single,AC-0009-0002,AC-0001-0078-01,Example output is proposed include globs; AC-0009-0001 is broader analysis and AC-0009-0005 sampling.,plan.yaml#BR-0009-0001; plan.yaml#BR-0009-0002,SDD place one EX under reviewed AC; normalize story-tree wording,BR-0009-0002:103,EX-0001-0078-04,.qfai/spec/02_business-flow/business-flow-0001/user-story-0001-0078/03_Example.md,.qfai/spec/03_contract/cli/configuration.md#BR-0225,source_removed_verified,archive SHA256 and line match; new EX/AC and new contract BR rows verified; old EX source absent
EX-0009-0003,spec-0009,913,.qfai/evidence/migration-spec-to-story/retired/spec-0009/05_Examples.md,5de2a1dd693c91ad0e0a2f352039f60a4eb93c17ab9154f6d8a8d10d529f548c,17,BR-0009-0004,"TC-0009-0004,TC-0009-0007","AC-0009-0004,AC-0009-0006",active_single_br_tc_target,single,AC-0009-0004,AC-0001-0079-01,Evidence-based tech steering population; no separate tool-selection rationale assertion.,plan.yaml#BR-0009-0004,SDD place one EX under reviewed AC; normalize story-tree wording,,EX-0001-0079-02,.qfai/spec/02_business-flow/business-flow-0001/user-story-0001-0079/03_Example.md,.qfai/spec/03_contract/cli/configuration.md#BR-0227,source_removed_verified,archive SHA256 and line match; new EX/AC and new contract BR rows verified; old EX source absent
EX-0011-0002,spec-0011,914,.qfai/evidence/migration-spec-to-story/retired/spec-0011/05_Examples.md,49755a240753e7632942a0d2338510329bf887c6da005722cc22fce9831e1d1d,31,BR-0011-0002,TC-0011-0002,AC-0011-0002,retired_or_superseded,,,,,retired-rule-disposition.md#BR-0011-0002,Match approved retirement and archive; do not migrate old EX,,,,,retired_approved_archive_verified;source_pending_removal,archive SHA256 and source line match; approved rule disposition or DEC-0266 verified
EX-0011-0003,spec-0011,915,.qfai/evidence/migration-spec-to-story/retired/spec-0011/05_Examples.md,49755a240753e7632942a0d2338510329bf887c6da005722cc22fce9831e1d1d,38,BR-0011-0002,TC-0011-0004,AC-0011-0004,retired_or_superseded,,,,,retired-rule-disposition.md#BR-0011-0002,Match approved retirement and archive; do not migrate old EX,,,,,retired_approved_archive_verified;source_pending_removal,archive SHA256 and source line match; approved rule disposition or DEC-0266 verified
EX-0012-0001,spec-0012,917,.qfai/evidence/migration-spec-to-story/retired/spec-0012/05_Examples.md,79e17db877e832c38bb3f8f42f508cd754386c92b026f048d97caaf2060cf67e,3,BR-0012-0002,"TC-0012-0290,TC-0012-0342","AC-0012-0002,AC-0012-0030",retired_or_superseded,,,,,retired-rule-disposition.md#BR-0012-0002,Match approved retirement and archive; do not migrate old EX,,,,,retired_approved_archive_verified;source_pending_removal,archive SHA256 and source line match; approved rule disposition or DEC-0266 verified
EX-0012-0002,spec-0012,918,.qfai/evidence/migration-spec-to-story/retired/spec-0012/05_Examples.md,79e17db877e832c38bb3f8f42f508cd754386c92b026f048d97caaf2060cf67e,12,BR-0012-0003,TC-0012-0291,AC-0012-0003,retired_or_superseded,,,,,retired-rule-disposition.md#BR-0012-0003,Match approved retirement and archive; do not migrate old EX,,,,,retired_approved_archive_verified;source_pending_removal,archive SHA256 and source line match; approved rule disposition or DEC-0266 verified
EX-0012-0003,spec-0012,919,.qfai/evidence/migration-spec-to-story/retired/spec-0012/05_Examples.md,79e17db877e832c38bb3f8f42f508cd754386c92b026f048d97caaf2060cf67e,22,BR-0012-0003,TC-0012-0291,AC-0012-0003,retired_or_superseded,,,,,retired-rule-disposition.md#BR-0012-0003,Match approved retirement and archive; do not migrate old EX,,,,,retired_approved_archive_verified;source_pending_removal,archive SHA256 and source line match; approved rule disposition or DEC-0266 verified
EX-0012-0089,spec-0012,920,.qfai/evidence/migration-spec-to-story/retired/spec-0012/05_Examples.md,79e17db877e832c38bb3f8f42f508cd754386c92b026f048d97caaf2060cf67e,39,BR-0012-0005,"TC-0012-0294,TC-0012-0295,TC-0012-0296,TC-0012-0336,TC-0012-0343","AC-0012-0005,AC-0012-0021,AC-0012-0022",active_single_br_tc_target,single,AC-0012-0005,AC-0001-0105-01,Evaluator input classes are the AC-0012-0005 guidance contract.,plan.yaml#BR-0012-0005,SDD place one EX under reviewed AC; normalize story-tree wording,BR-0012-0005:108,EX-0001-0105-01,.qfai/spec/02_business-flow/business-flow-0001/user-story-0001-0105/03_Example.md,.qfai/spec/03_contract/cli/qfai-prototyping.md#BR-0257,new_story_and_contract_verified;old_source_removal_authorized,archive SHA256 and source line match; new EX/AC and contract BR references verified; DEC-0715;DEC-0716;DEC-0717
EX-0012-0098,spec-0012,921,.qfai/evidence/migration-spec-to-story/retired/spec-0012/05_Examples.md,79e17db877e832c38bb3f8f42f508cd754386c92b026f048d97caaf2060cf67e,48,BR-0012-0004,"TC-0012-0285,TC-0012-0286,TC-0012-0293,TC-0012-0337,TC-0012-0344,TC-0012-0351","AC-0012-0001,AC-0012-0004,AC-0012-0020,AC-0012-0031",active_single_br_tc_target,split,AC-0012-0001;AC-0012-0004,AC-0001-0102-01;AC-0001-0100-01,Planning/delegation-map and invalid-role handling belong to AC-0001; role ownership list belongs to AC-0004.,plan.yaml#BR-0012-0004,SDD split into one EX per reviewed AC and preserve old provenance,BR-0012-0004:107,EX-0001-0100-01;EX-0001-0102-02,.qfai/spec/02_business-flow/business-flow-0001/user-story-0001-0100/03_Example.md;.qfai/spec/02_business-flow/business-flow-0001/user-story-0001-0102/03_Example.md,.qfai/spec/03_contract/cli/qfai-prototyping.md#BR-0256,new_story_and_contract_verified;old_source_removal_authorized,archive SHA256 and source line match; new EX/AC and contract BR references verified; DEC-0715;DEC-0716;DEC-0717
EX-0012-0102,spec-0012,922,.qfai/evidence/migration-spec-to-story/retired/spec-0012/05_Examples.md,79e17db877e832c38bb3f8f42f508cd754386c92b026f048d97caaf2060cf67e,76,"BR-0012-0008,BR-0012-0010",TC-0012-0313,"AC-0012-0008,AC-0012-0010",retired_or_superseded,,,,,retired-rule-disposition.md#BR-0012-0008; retired-rule-disposition.md#BR-0012-0010,Match approved retirement and archive; do not migrate old EX,,,,,retired_approved_archive_verified;source_pending_removal,archive SHA256 and source line match; approved rule disposition or DEC-0266 verified
EX-0012-0110,spec-0012,923,.qfai/evidence/migration-spec-to-story/retired/spec-0012/05_Examples.md,79e17db877e832c38bb3f8f42f508cd754386c92b026f048d97caaf2060cf67e,85,BR-0012-0024,"TC-0012-0319,TC-0012-0321,TC-0012-0322,TC-0012-0323,TC-0012-0324,TC-0012-0325,TC-0012-0330,TC-0012-0334,TC-0012-0338,TC-0012-0339,TC-0012-0340,TC-0012-0345,TC-0012-0350,TC-0012-0352","AC-0012-0020,AC-0012-0021,AC-0012-0028,AC-0012-0029,AC-0012-0032,AC-0012-0033",retired_or_superseded,,,,,retired-rule-disposition.md#BR-0012-0024,Match approved retirement and archive; do not migrate old EX,,,,,retired_approved_archive_verified;source_pending_removal,archive SHA256 and source line match; approved rule disposition or DEC-0266 verified
EX-0012-0111,spec-0012,924,.qfai/evidence/migration-spec-to-story/retired/spec-0012/05_Examples.md,79e17db877e832c38bb3f8f42f508cd754386c92b026f048d97caaf2060cf67e,93,BR-0012-0021,"TC-0012-0320,TC-0012-0331,TC-0012-0332,TC-0012-0333,TC-0012-0341,TC-0012-0349","AC-0012-0023,AC-0012-0024,AC-0012-0025,AC-0012-0026,AC-0012-0027",active_split_or_sdd_decision,split,AC-0012-0026;AC-0012-0027,AC-0001-0108-02;AC-0001-0108-03,Pivot outcome and non-pivot refine fallback are separate rules.,plan.yaml#BR-0012-0021,SDD split into one EX per reviewed AC and preserve old provenance,BR-0012-0021:114,EX-0001-0108-02;EX-0001-0108-03,.qfai/spec/02_business-flow/business-flow-0001/user-story-0001-0108/03_Example.md,.qfai/spec/03_contract/cli/qfai-prototyping.md#BR-0263,new_story_and_contract_verified;old_source_removal_authorized,archive SHA256 and source line match; new EX/AC and contract BR references verified; DEC-0715;DEC-0716;DEC-0717
EX-0012-0112,spec-0012,925,.qfai/evidence/migration-spec-to-story/retired/spec-0012/05_Examples.md,79e17db877e832c38bb3f8f42f508cd754386c92b026f048d97caaf2060cf67e,100,BR-0012-0026,"TC-0012-0326,TC-0012-0327,TC-0012-0347,TC-0012-0348","AC-0012-0034,AC-0012-0035",active_split_or_sdd_decision,single,AC-0012-0035,AC-0001-0115-01,Cycle >=1 hash mismatch only; cycle-0 hash recording is not exercised.,plan.yaml#BR-0012-0026,SDD place one EX under reviewed AC; normalize story-tree wording,BR-0012-0026:118,EX-0001-0115-01,.qfai/spec/02_business-flow/business-flow-0001/user-story-0001-0115/03_Example.md,.qfai/spec/03_contract/cli/qfai-prototyping.md#BR-0266,new_story_and_contract_verified;old_source_removal_authorized,archive SHA256 and source line match; new EX/AC and contract BR references verified; DEC-0715;DEC-0716;DEC-0717
EX-0012-0113,spec-0012,926,.qfai/evidence/migration-spec-to-story/retired/spec-0012/05_Examples.md,79e17db877e832c38bb3f8f42f508cd754386c92b026f048d97caaf2060cf67e,107,BR-0012-0024,"TC-0012-0328,TC-0012-0329",AC-0012-0028,retired_or_superseded,,,,,retired-rule-disposition.md#BR-0012-0024,Match approved retirement and archive; do not migrate old EX,,,,,retired_approved_archive_verified;source_pending_removal,archive SHA256 and source line match; approved rule disposition or DEC-0266 verified
EX-0012-0115,spec-0012,927,.qfai/evidence/migration-spec-to-story/retired/spec-0012/05_Examples.md,79e17db877e832c38bb3f8f42f508cd754386c92b026f048d97caaf2060cf67e,121,BR-0012-0017,TC-0012-0344,AC-0012-0020,retired_or_superseded,,,,,retired-rule-disposition.md#BR-0012-0017,Match approved retirement and archive; do not migrate old EX,,,,,retired_approved_archive_verified;source_pending_removal,archive SHA256 and source line match; approved rule disposition or DEC-0266 verified
EX-0012-0116,spec-0012,928,.qfai/evidence/migration-spec-to-story/retired/spec-0012/05_Examples.md,79e17db877e832c38bb3f8f42f508cd754386c92b026f048d97caaf2060cf67e,129,BR-0012-0018,TC-0012-0339,AC-0012-0020,active_no_live_ac,new_ac_needed,,,Active BR-0012-0018 latest-accepted policy has only retired AC-0012-0020 in legacy TC references; preserve BR and author or select a live criterion by SDD.,plan.yaml#BR-0012-0018,"SDD add or amend live AC, then author EX and test",BR-0012-0018:112,EX-0001-0109-01,.qfai/spec/02_business-flow/business-flow-0001/user-story-0001-0109/03_Example.md,.qfai/spec/03_contract/cli/qfai-prototyping.md#BR-0261,new_story_and_contract_verified;old_source_removal_authorized,archive SHA256 and source line match; new EX/AC and contract BR references verified; DEC-0715;DEC-0716;DEC-0717
EX-0012-0117,spec-0012,929,.qfai/evidence/migration-spec-to-story/retired/spec-0012/05_Examples.md,79e17db877e832c38bb3f8f42f508cd754386c92b026f048d97caaf2060cf67e,136,BR-0012-0019,TC-0012-0330,AC-0012-0021,retired_or_superseded,,,,,retired-rule-disposition.md#BR-0012-0019,Match approved retirement and archive; do not migrate old EX,,,,,retired_approved_archive_verified;source_pending_removal,archive SHA256 and source line match; approved rule disposition or DEC-0266 verified
EX-0012-0120,spec-0012,930,.qfai/evidence/migration-spec-to-story/retired/spec-0012/05_Examples.md,79e17db877e832c38bb3f8f42f508cd754386c92b026f048d97caaf2060cf67e,158,BR-0012-0023,TC-0012-0351,AC-0012-0020,active_no_live_ac,new_ac_needed,,,Active BR-0012-0023 generator/reviewer separation has only retired AC-0012-0020 in legacy TC references; preserve BR and author or select a live criterion by SDD.,plan.yaml#BR-0012-0023,"SDD add or amend live AC, then author EX and test",BR-0012-0023:115,EX-0001-0100-02,.qfai/spec/02_business-flow/business-flow-0001/user-story-0001-0100/03_Example.md,.qfai/spec/03_contract/cli/qfai-prototyping.md#BR-0265,new_story_and_contract_verified;old_source_removal_authorized,archive SHA256 and source line match; new EX/AC and contract BR references verified; DEC-0715;DEC-0716;DEC-0717
EX-0012-0121,spec-0012,931,.qfai/evidence/migration-spec-to-story/retired/spec-0012/05_Examples.md,79e17db877e832c38bb3f8f42f508cd754386c92b026f048d97caaf2060cf67e,165,BR-0012-0025,TC-0012-0337,AC-0012-0031,retired_or_superseded,,,,,retired-rule-disposition.md#BR-0012-0025,Match approved retirement and archive; do not migrate old EX,,,,,retired_approved_archive_verified;source_pending_removal,archive SHA256 and source line match; approved rule disposition or DEC-0266 verified
EX-0012-0123,spec-0012,932,.qfai/evidence/migration-spec-to-story/retired/spec-0012/05_Examples.md,79e17db877e832c38bb3f8f42f508cd754386c92b026f048d97caaf2060cf67e,184,BR-0012-0028,"TC-0012-0355,TC-0012-0375,TC-0012-0396,TC-0012-0398,TC-0012-0401,TC-0012-0404,TC-0012-0409,TC-0012-0410","AC-0012-0037,AC-0012-0044,AC-0012-0049",active_single_br_tc_target,single,AC-0012-0037,AC-0001-0118-02,Zero UI-bearing scope at cycle 0 is the resolver no-op branch.,plan.yaml#BR-0012-0028,SDD place one EX under reviewed AC; normalize story-tree wording,,EX-0001-0118-05,.qfai/spec/02_business-flow/business-flow-0001/user-story-0001-0118/03_Example.md,.qfai/spec/03_contract/cli/qfai-prototyping.md#BR-0268,new_story_and_contract_verified;old_source_removal_authorized,archive SHA256 and source line match; new EX/AC and contract BR references verified; DEC-0715;DEC-0716;DEC-0717
EX-0012-0124,spec-0012,933,.qfai/evidence/migration-spec-to-story/retired/spec-0012/05_Examples.md,79e17db877e832c38bb3f8f42f508cd754386c92b026f048d97caaf2060cf67e,191,BR-0012-0029,"TC-0012-0357,TC-0012-0358,TC-0012-0393","AC-0012-0038,AC-0012-0039",active_split_or_sdd_decision,single,AC-0012-0038,AC-0001-0127-01,Ten-cycle terminator and index 9 are one iteration-budget criterion.,plan.yaml#BR-0012-0029,SDD place one EX under reviewed AC; normalize story-tree wording,BR-0012-0029:119,EX-0001-0127-01,.qfai/spec/02_business-flow/business-flow-0001/user-story-0001-0127/03_Example.md,.qfai/spec/03_contract/cli/qfai-prototyping.md#BR-0269,new_story_and_contract_verified;old_source_removal_authorized,archive SHA256 and source line match; new EX/AC and contract BR references verified; DEC-0715;DEC-0716;DEC-0717
EX-0012-0125,spec-0012,934,.qfai/evidence/migration-spec-to-story/retired/spec-0012/05_Examples.md,79e17db877e832c38bb3f8f42f508cd754386c92b026f048d97caaf2060cf67e,198,BR-0012-0029,"TC-0012-0359,TC-0012-0360,TC-0012-0361","AC-0012-0038,AC-0012-0039",active_split_or_sdd_decision,split,AC-0012-0038;AC-0012-0039,AC-0001-0127-01;AC-0001-0127-02,Runtime constants/budget and validator rejection of out-of-range evidence are separate assertions.,plan.yaml#BR-0012-0029,SDD split into one EX per reviewed AC and preserve old provenance,BR-0012-0029:119,EX-0001-0127-02;EX-0001-0127-03,.qfai/spec/02_business-flow/business-flow-0001/user-story-0001-0127/03_Example.md,.qfai/spec/03_contract/cli/qfai-prototyping.md#BR-0269,new_story_and_contract_verified;old_source_removal_authorized,archive SHA256 and source line match; new EX/AC and contract BR references verified; DEC-0715;DEC-0716;DEC-0717
EX-0012-0134,spec-0012,935,.qfai/evidence/migration-spec-to-story/retired/spec-0012/05_Examples.md,79e17db877e832c38bb3f8f42f508cd754386c92b026f048d97caaf2060cf67e,261,BR-0012-0034,"TC-0012-0373,TC-0012-0375","AC-0012-0044,AC-0012-0045",active_split_or_sdd_decision,single,AC-0012-0035,AC-0001-0115-01,Specific DESIGN.md hash mismatch; hard-stop catalog also references the class but does not require a duplicate EX.,plan.yaml#BR-0012-0034,SDD place one EX under reviewed AC; normalize story-tree wording,,EX-0001-0115-02,.qfai/spec/02_business-flow/business-flow-0001/user-story-0001-0115/03_Example.md,.qfai/spec/03_contract/cli/qfai-prototyping-iterate.md#BR-0274,new_story_and_contract_verified;old_source_removal_authorized,archive SHA256 and source line match; new EX/AC and contract BR references verified; DEC-0715;DEC-0716;DEC-0717
EX-0012-0135,spec-0012,936,.qfai/evidence/migration-spec-to-story/retired/spec-0012/05_Examples.md,79e17db877e832c38bb3f8f42f508cd754386c92b026f048d97caaf2060cf67e,268,BR-0012-0034,"TC-0012-0374,TC-0012-0375","AC-0012-0044,AC-0012-0045",active_split_or_sdd_decision,single,AC-0012-0045,AC-0001-0122-02,Reviewer Playwright session failure hard-stop class.,plan.yaml#BR-0012-0034,SDD place one EX under reviewed AC; normalize story-tree wording,,EX-0001-0122-05,.qfai/spec/02_business-flow/business-flow-0001/user-story-0001-0122/03_Example.md,.qfai/spec/03_contract/cli/qfai-prototyping-iterate.md#BR-0274,new_story_and_contract_verified;old_source_removal_authorized,archive SHA256 and source line match; new EX/AC and contract BR references verified; DEC-0715;DEC-0716;DEC-0717
EX-0012-0138,spec-0012,937,.qfai/evidence/migration-spec-to-story/retired/spec-0012/05_Examples.md,79e17db877e832c38bb3f8f42f508cd754386c92b026f048d97caaf2060cf67e,289,BR-0012-0036,"TC-0012-0381,TC-0012-0382,TC-0012-0399,TC-0012-0400,TC-0012-0402,TC-0012-0403,TC-0012-0405,TC-0012-0406,TC-0012-0407,TC-0012-0408,TC-0012-0411,TC-0012-0412,TC-0012-0413,TC-0012-0414","AC-0012-0037,AC-0012-0043,AC-0012-0047",active_single_br_tc_target,single,AC-0012-0047,AC-0001-0124-01,Certify per-scope review presence. Rewrite spec ID wording to UI contract ID at story-tree cutover.,plan.yaml#BR-0012-0036,SDD place one EX under reviewed AC; normalize story-tree wording,BR-0012-0036:120,EX-0001-0124-04,.qfai/spec/02_business-flow/business-flow-0001/user-story-0001-0124/03_Example.md,.qfai/spec/03_contract/cli/qfai-prototyping.md#BR-0276,new_story_and_contract_verified;old_source_removal_authorized,archive SHA256 and source line match; new EX/AC and contract BR references verified; DEC-0715;DEC-0716;DEC-0717
EX-0012-0140,spec-0012,938,.qfai/evidence/migration-spec-to-story/retired/spec-0012/05_Examples.md,79e17db877e832c38bb3f8f42f508cd754386c92b026f048d97caaf2060cf67e,303,BR-0012-0038,"TC-0012-0375,TC-0012-0385,TC-0012-0397,TC-0012-0404,TC-0012-0409,TC-0012-0410","AC-0012-0037,AC-0012-0044,AC-0012-0049,AC-0012-0051",active_single_br_tc_target,single,AC-0012-0049,AC-0001-0125-01,Added UI scope mid-run is deferred and hard-stops; rewrite spec ID wording to UI contract ID.,plan.yaml#BR-0012-0038,SDD place one EX under reviewed AC; normalize story-tree wording,,EX-0001-0125-04,.qfai/spec/02_business-flow/business-flow-0001/user-story-0001-0125/03_Example.md,.qfai/spec/03_contract/cli/qfai-prototyping-iterate.md#BR-0278,new_story_and_contract_verified;old_source_removal_authorized,archive SHA256 and source line match; new EX/AC and contract BR references verified; DEC-0715;DEC-0716;DEC-0717
EX-0012-0143,spec-0012,939,.qfai/evidence/migration-spec-to-story/retired/spec-0012/05_Examples.md,79e17db877e832c38bb3f8f42f508cd754386c92b026f048d97caaf2060cf67e,324,BR-0012-0040,"TC-0012-0388,TC-0012-0390,TC-0012-0397","AC-0012-0049,AC-0012-0051,AC-0012-0083",active_split_or_sdd_decision,single,AC-0012-0051,AC-0001-0125-02,"Frozen UI contract set, not stock-photo license catalog.",plan.yaml#BR-0012-0040,SDD place one EX under reviewed AC; normalize story-tree wording,BR-0012-0040:121,EX-0001-0125-05,.qfai/spec/02_business-flow/business-flow-0001/user-story-0001-0125/03_Example.md,.qfai/spec/03_contract/cli/qfai-prototyping.md#BR-0280,new_story_and_contract_verified;old_source_removal_authorized,archive SHA256 and source line match; new EX/AC and contract BR references verified; DEC-0715;DEC-0716;DEC-0717
EX-0012-0144,spec-0012,940,.qfai/evidence/migration-spec-to-story/retired/spec-0012/05_Examples.md,79e17db877e832c38bb3f8f42f508cd754386c92b026f048d97caaf2060cf67e,331,BR-0012-0040,"TC-0012-0389,TC-0012-0390","AC-0012-0051,AC-0012-0083",active_split_or_sdd_decision,single,AC-0012-0083,AC-0001-0126-01,"Frozen stock-photo license catalog, not UI contract set.",plan.yaml#BR-0012-0040,SDD place one EX under reviewed AC; normalize story-tree wording,BR-0012-0040:121,EX-0001-0126-01,.qfai/spec/02_business-flow/business-flow-0001/user-story-0001-0126/03_Example.md,.qfai/spec/03_contract/cli/qfai-prototyping.md#BR-0280,new_story_and_contract_verified;old_source_removal_authorized,archive SHA256 and source line match; new EX/AC and contract BR references verified; DEC-0715;DEC-0716;DEC-0717
EX-0012-0145,spec-0012,941,.qfai/evidence/migration-spec-to-story/retired/spec-0012/05_Examples.md,79e17db877e832c38bb3f8f42f508cd754386c92b026f048d97caaf2060cf67e,338,BR-0012-0034,"TC-0012-0415,TC-0012-0416","AC-0012-0038,AC-0012-0045",active_single_br_tc_target,single,AC-0012-0038,AC-0001-0127-01,Cycle-9 repeat invocation returns budget terminator directly.,plan.yaml#BR-0012-0034,SDD place one EX under reviewed AC; normalize story-tree wording,,EX-0001-0127-04,.qfai/spec/02_business-flow/business-flow-0001/user-story-0001-0127/03_Example.md,.qfai/spec/03_contract/cli/qfai-prototyping-iterate.md#BR-0274,new_story_and_contract_verified;old_source_removal_authorized,archive SHA256 and source line match; new EX/AC and contract BR references verified; DEC-0715;DEC-0716;DEC-0717
EX-0012-0148,spec-0012,942,.qfai/evidence/migration-spec-to-story/retired/spec-0012/05_Examples.md,79e17db877e832c38bb3f8f42f508cd754386c92b026f048d97caaf2060cf67e,359,BR-0012-0034,TC-0012-0419,"AC-0012-0037,AC-0012-0045,AC-0012-0049",active_single_br_tc_target,single,AC-0012-0045,AC-0001-0122-02,Live UI set removed at cycle >=1 is hard-stop class (d); rewrite to UI contract IDs.,plan.yaml#BR-0012-0034,SDD place one EX under reviewed AC; normalize story-tree wording,,EX-0001-0122-06,.qfai/spec/02_business-flow/business-flow-0001/user-story-0001-0122/03_Example.md,.qfai/spec/03_contract/cli/qfai-prototyping-iterate.md#BR-0274,new_story_and_contract_verified;old_source_removal_authorized,archive SHA256 and source line match; new EX/AC and contract BR references verified; DEC-0715;DEC-0716;DEC-0717
EX-0012-0152,spec-0012,943,.qfai/evidence/migration-spec-to-story/retired/spec-0012/05_Examples.md,79e17db877e832c38bb3f8f42f508cd754386c92b026f048d97caaf2060cf67e,387,BR-0012-0030,TC-0012-0423,"AC-0012-0037,AC-0012-0049",retired_or_superseded,retire,,,P7 REMOVE explicitly names this EX in DEC-0266 and spec-0012/10_Plan.md; per-spec contract subdir detection ends with UI-contract unit.,DEC-0266 and spec-0012/10_Plan.md,SDD approve retirement before removing active source; preserve current replacement coverage,,,,,retired_approved_archive_verified;source_pending_removal,archive SHA256 and source line match; approved rule disposition or DEC-0266 verified
EX-0012-0153,spec-0012,944,.qfai/evidence/migration-spec-to-story/retired/spec-0012/05_Examples.md,79e17db877e832c38bb3f8f42f508cd754386c92b026f048d97caaf2060cf67e,394,BR-0012-0038,TC-0012-0424,"AC-0012-0045,AC-0012-0049",active_single_br_tc_target,single,AC-0012-0045,AC-0001-0122-02,Hard-stop before convergence is the ordering invariant; rewrite spec marker to UI contract disappearance.,plan.yaml#BR-0012-0038,SDD place one EX under reviewed AC; normalize story-tree wording,,EX-0001-0122-07,.qfai/spec/02_business-flow/business-flow-0001/user-story-0001-0122/03_Example.md,.qfai/spec/03_contract/cli/qfai-prototyping-iterate.md#BR-0278,new_story_and_contract_verified;old_source_removal_authorized,archive SHA256 and source line match; new EX/AC and contract BR references verified; DEC-0715;DEC-0716;DEC-0717
EX-0012-0181,spec-0012,945,.qfai/evidence/migration-spec-to-story/retired/spec-0012/05_Examples.md,79e17db877e832c38bb3f8f42f508cd754386c92b026f048d97caaf2060cf67e,595,BR-0012-0060,"TC-0012-0471,TC-0012-0472","AC-0012-0072,AC-0012-0073",active_split_or_sdd_decision,split,AC-0012-0072;AC-0012-0073,AC-0001-0147-01;AC-0001-0147-02,Skeleton emission/evidence and no-flag unchanged behavior are distinct cases.,plan.yaml#BR-0012-0060,SDD split into one EX per reviewed AC and preserve old provenance,BR-0012-0060:122,EX-0001-0147-01;EX-0001-0147-02,.qfai/spec/02_business-flow/business-flow-0001/user-story-0001-0147/03_Example.md,.qfai/spec/03_contract/cli/qfai-prototyping-iterate.md#BR-0300,new_story_and_contract_verified;old_source_removal_authorized,archive SHA256 and source line match; new EX/AC and contract BR references verified; DEC-0715;DEC-0716;DEC-0717
EX-0012-0182,spec-0012,946,.qfai/evidence/migration-spec-to-story/retired/spec-0012/05_Examples.md,79e17db877e832c38bb3f8f42f508cd754386c92b026f048d97caaf2060cf67e,602,BR-0012-0061,"TC-0012-0473,TC-0012-0474","AC-0012-0074,AC-0012-0075",active_split_or_sdd_decision,split,AC-0012-0074;AC-0012-0075,AC-0001-0148-01;AC-0001-0148-02,In-zone hash preservation and out-of-zone invalidation are distinct cases.,plan.yaml#BR-0012-0061,SDD split into one EX per reviewed AC and preserve old provenance,BR-0012-0061:123,EX-0001-0148-01;EX-0001-0148-02,.qfai/spec/02_business-flow/business-flow-0001/user-story-0001-0148/03_Example.md,.qfai/spec/03_contract/cli/qfai-prototyping.md#BR-0301,new_story_and_contract_verified;old_source_removal_authorized,archive SHA256 and source line match; new EX/AC and contract BR references verified; DEC-0715;DEC-0716;DEC-0717
EX-0012-0183,spec-0012,947,.qfai/evidence/migration-spec-to-story/retired/spec-0012/05_Examples.md,79e17db877e832c38bb3f8f42f508cd754386c92b026f048d97caaf2060cf67e,609,BR-0012-0062,"TC-0012-0475,TC-0012-0476","AC-0012-0076,AC-0012-0077",active_split_or_sdd_decision,split,AC-0012-0076;AC-0012-0077,AC-0001-0149-01;AC-0001-0149-02,Exploration relaxation/recording and certify rejection are distinct commands.,plan.yaml#BR-0012-0062,SDD split into one EX per reviewed AC and preserve old provenance,BR-0012-0062:124,EX-0001-0149-01;EX-0001-0149-02,.qfai/spec/02_business-flow/business-flow-0001/user-story-0001-0149/03_Example.md,.qfai/spec/03_contract/cli/qfai-prototyping.md#BR-0302,new_story_and_contract_verified;old_source_removal_authorized,archive SHA256 and source line match; new EX/AC and contract BR references verified; DEC-0715;DEC-0716;DEC-0717
EX-0012-0184,spec-0012,948,.qfai/evidence/migration-spec-to-story/retired/spec-0012/05_Examples.md,79e17db877e832c38bb3f8f42f508cd754386c92b026f048d97caaf2060cf67e,616,BR-0012-0063,"TC-0012-0477,TC-0012-0478","AC-0012-0078,AC-0012-0079",active_split_or_sdd_decision,split,AC-0012-0078;AC-0012-0079,AC-0001-0150-01;AC-0001-0150-02,Validator keyword error and capture-template skeleton are distinct commands.,plan.yaml#BR-0012-0063,SDD split into one EX per reviewed AC and preserve old provenance,BR-0012-0063:125,EX-0001-0150-01;EX-0001-0150-02,.qfai/spec/02_business-flow/business-flow-0001/user-story-0001-0150/03_Example.md,.qfai/spec/03_contract/cli/qfai-prototyping.md#BR-0303,new_story_and_contract_verified;old_source_removal_authorized,archive SHA256 and source line match; new EX/AC and contract BR references verified; DEC-0715;DEC-0716;DEC-0717
EX-0012-0185,spec-0012,949,.qfai/evidence/migration-spec-to-story/retired/spec-0012/05_Examples.md,79e17db877e832c38bb3f8f42f508cd754386c92b026f048d97caaf2060cf67e,630,BR-0012-0064,"TC-0012-0479,TC-0012-0480","AC-0012-0080,AC-0012-0081",active_split_or_sdd_decision,split,AC-0012-0080;AC-0012-0081,AC-0001-0151-01;AC-0001-0151-02,Mutation log write and missing-writer reviewer finding are distinct behaviors.,plan.yaml#BR-0012-0064,SDD split into one EX per reviewed AC and preserve old provenance,BR-0012-0064:126,EX-0001-0151-01;EX-0001-0151-02,.qfai/spec/02_business-flow/business-flow-0001/user-story-0001-0151/03_Example.md,.qfai/spec/03_contract/cli/qfai-prototyping-iterate.md#BR-0305,new_story_and_contract_verified;old_source_removal_authorized,archive SHA256 and source line match; new EX/AC and contract BR references verified; DEC-0715;DEC-0716;DEC-0717
EX-0013-0001,spec-0013,972,.qfai/evidence/migration-spec-to-story/retired/spec-0013/05_Examples.md,c66bf0a9f51222273c0be07cda9760241d39a29c7d728f9d82a84159c2500daf,3,BR-0013-0001,"TC-0013-0001,TC-0013-0002,TC-0013-0005,TC-0013-0007,TC-0013-0008,TC-0013-0021","AC-0013-0001,AC-0013-0002,AC-0013-0005,AC-0013-0007,AC-0013-0008",retired_or_superseded,,,,,retired-rule-disposition.md#BR-0013-0001,Match approved retirement and archive; do not migrate old EX,,,,,retired_approved_archive_verified;source_pending_removal,archive SHA256 and source line match; approved rule disposition or DEC-0266 verified
EX-0013-0002,spec-0013,973,.qfai/evidence/migration-spec-to-story/retired/spec-0013/05_Examples.md,c66bf0a9f51222273c0be07cda9760241d39a29c7d728f9d82a84159c2500daf,10,BR-0013-0002,"TC-0013-0004,TC-0013-0006","AC-0013-0004,AC-0013-0006",retired_or_superseded,,,,,retired-rule-disposition.md#BR-0013-0002,Match approved retirement and archive; do not migrate old EX,,,,,retired_approved_archive_verified;source_pending_removal,archive SHA256 and source line match; approved rule disposition or DEC-0266 verified
EX-0013-0005,spec-0013,974,.qfai/evidence/migration-spec-to-story/retired/spec-0013/05_Examples.md,c66bf0a9f51222273c0be07cda9760241d39a29c7d728f9d82a84159c2500daf,34,BR-0013-0007,TC-0013-0010,AC-0013-0027,retired_or_superseded,,,,,retired-rule-disposition.md#BR-0013-0007,Match approved retirement and archive; do not migrate old EX,,,,,retired_approved_archive_verified;source_pending_removal,archive SHA256 and source line match; approved rule disposition or DEC-0266 verified
EX-0013-0006,spec-0013,975,.qfai/evidence/migration-spec-to-story/retired/spec-0013/05_Examples.md,c66bf0a9f51222273c0be07cda9760241d39a29c7d728f9d82a84159c2500daf,41,BR-0013-0004,TC-0013-0011,AC-0013-0011,retired_or_superseded,,,,,retired-rule-disposition.md#BR-0013-0004,Match approved retirement and archive; do not migrate old EX,,,,,retired_approved_archive_verified;source_pending_removal,archive SHA256 and source line match; approved rule disposition or DEC-0266 verified
EX-0013-0007,spec-0013,976,.qfai/evidence/migration-spec-to-story/retired/spec-0013/05_Examples.md,c66bf0a9f51222273c0be07cda9760241d39a29c7d728f9d82a84159c2500daf,49,BR-0013-0005,TC-0013-0012,AC-0013-0026,retired_or_superseded,,,,,retired-rule-disposition.md#BR-0013-0005,Match approved retirement and archive; do not migrate old EX,,,,,retired_approved_archive_verified;source_pending_removal,archive SHA256 and source line match; approved rule disposition or DEC-0266 verified
EX-0013-0008,spec-0013,977,.qfai/evidence/migration-spec-to-story/retired/spec-0013/05_Examples.md,c66bf0a9f51222273c0be07cda9760241d39a29c7d728f9d82a84159c2500daf,57,BR-0013-0008,TC-0013-0013,AC-0013-0010,retired_or_superseded,,,,,retired-rule-disposition.md#BR-0013-0008,Match approved retirement and archive; do not migrate old EX,,,,,retired_approved_archive_verified;source_pending_removal,archive SHA256 and source line match; approved rule disposition or DEC-0266 verified
EX-0013-0010,spec-0013,978,.qfai/evidence/migration-spec-to-story/retired/spec-0013/05_Examples.md,c66bf0a9f51222273c0be07cda9760241d39a29c7d728f9d82a84159c2500daf,64,BR-0013-0010,"TC-0013-0014,TC-0013-0015,TC-0013-0016,TC-0013-0017",AC-0013-0013,retired_or_superseded,,,,,retired-rule-disposition.md#BR-0013-0010,Match approved retirement and archive; do not migrate old EX,,,,,retired_approved_archive_verified;source_pending_removal,archive SHA256 and source line match; approved rule disposition or DEC-0266 verified
EX-0013-0009,spec-0013,979,.qfai/evidence/migration-spec-to-story/retired/spec-0013/05_Examples.md,c66bf0a9f51222273c0be07cda9760241d39a29c7d728f9d82a84159c2500daf,71,BR-0013-0009,"TC-0013-0018,TC-0013-0019",AC-0013-0012,retired_or_superseded,,,,,retired-rule-disposition.md#BR-0013-0009,Match approved retirement and archive; do not migrate old EX,,,,,retired_approved_archive_verified;source_pending_removal,archive SHA256 and source line match; approved rule disposition or DEC-0266 verified
EX-0013-0018,spec-0013,980,.qfai/evidence/migration-spec-to-story/retired/spec-0013/05_Examples.md,c66bf0a9f51222273c0be07cda9760241d39a29c7d728f9d82a84159c2500daf,134,BR-0013-0018,"TC-0013-0030,TC-0013-0031","AC-0013-0022,AC-0013-0023",retired_or_superseded,,,,,retired-rule-disposition.md#BR-0013-0018,Match approved retirement and archive; do not migrate old EX,,,,,retired_approved_archive_verified;source_pending_removal,archive SHA256 and source line match; approved rule disposition or DEC-0266 verified
EX-0015-0001,spec-0015,991,.qfai/evidence/migration-spec-to-story/retired/spec-0015/05_Examples.md,5e1fd2d009ce4179bfb952e43cc70bdea013be80371b12c3c0c3be389a81b6dc,3,BR-0015-0001,"TC-0015-0001,TC-0015-0002,TC-0015-0003,TC-0015-0009,TC-0015-0010,TC-0015-0015,TC-0015-0016","AC-0015-0001,AC-0015-0002,AC-0015-0003,AC-0015-0010,AC-0015-0023",active_single_br_tc_target,single,AC-0015-0003,AC-0001-0169-01,"Orchestrator delegation/no direct draft; other cited ACs concern card schema, responsibilities and routing defaults.",plan.yaml#BR-0015-0001,SDD place one EX under reviewed AC; normalize story-tree wording,BR-0015-0001:137,EX-0001-0169-03,.qfai/spec/02_business-flow/business-flow-0001/user-story-0001-0169/03_Example.md,.qfai/spec/03_contract/cli/assistant-routing.md#BR-0342,source_removed_verified,archive SHA256 and source line match; new EX/AC and contract BR references verified; old EX source absent
EX-0015-0002,spec-0015,992,.qfai/evidence/migration-spec-to-story/retired/spec-0015/05_Examples.md,5e1fd2d009ce4179bfb952e43cc70bdea013be80371b12c3c0c3be389a81b6dc,10,BR-0015-0004,"TC-0015-0004,TC-0015-0008","AC-0015-0004,AC-0015-0008",active_single_br_tc_target,single,AC-0015-0004,AC-0001-0170-01,"Optional devils-advocate bare-negation alternative, not all-reviewer feedback.",plan.yaml#BR-0015-0004,SDD place one EX under reviewed AC; normalize story-tree wording,,EX-0001-0170-02,.qfai/spec/02_business-flow/business-flow-0001/user-story-0001-0170/03_Example.md,.qfai/spec/03_contract/cli/assistant-routing.md#BR-0345,source_removed_verified,archive SHA256 and source line match; new EX/AC and contract BR references verified; old EX source absent
EX-0015-0004,spec-0015,993,.qfai/evidence/migration-spec-to-story/retired/spec-0015/05_Examples.md,5e1fd2d009ce4179bfb952e43cc70bdea013be80371b12c3c0c3be389a81b6dc,24,BR-0015-0005,"TC-0015-0006,TC-0015-0007","AC-0015-0006,AC-0015-0007",active_split_or_sdd_decision,split,AC-0015-0006;AC-0015-0007,AC-0001-0171-01;AC-0001-0171-02,Two Given/When/Then chains: concrete rationale and empty/abstract N/A.,plan.yaml#BR-0015-0005,SDD split into one EX per reviewed AC and preserve old provenance,BR-0015-0005:138,EX-0001-0171-01;EX-0001-0171-02,.qfai/spec/02_business-flow/business-flow-0001/user-story-0001-0171/03_Example.md,.qfai/spec/03_contract/cli/assistant-routing.md#BR-0346,source_removed_verified,archive SHA256 and source line match; new EX/AC and contract BR references verified; old EX source absent
EX-0016-0014,spec-0016,994,.qfai/evidence/migration-spec-to-story/retired/spec-0016/05_Examples.md,8b142796dad2cff0ea96b8411dca446fe846e36acabeec26ab4def0cbb03e13d,20,BR-0016-0010,"TC-0016-0013,TC-0016-0022","AC-0016-0012,AC-0016-0020",active_single_br_tc_target,single,AC-0016-0012,AC-0001-0187-02,Non-allowlisted fetch is blocked; sandbox default-deny config is a different AC.,plan.yaml#BR-0016-0010,SDD place one EX under reviewed AC; normalize story-tree wording,,EX-0001-0187-03,.qfai/spec/02_business-flow/business-flow-0001/user-story-0001-0187/03_Example.md,.qfai/spec/03_contract/cli/research-protocol.md#BR-0372,source_removed_verified,archive SHA256 and source line match; new EX/AC and contract BR references verified; old EX source absent
